{"cameraMode":{"drawMode":0,"name":"Shaded","section":"Shading Mode"},"sceneLighting":true,"audioPlay":false,"sceneViewState":{"showFog":true,"showMaterialUpdate":false,"showSkybox":true,"showFlares":true,"showImageEffects":true,"showParticleSystems":true},"in2DMode":false,"pivot":{"x":4.678672790527344,"y":0.5029420852661133,"z":0.37425708770751955},"rotation":{"x":0.2006741464138031,"y":0.5638602375984192,"z":-0.143559530377388,"w":0.7881630659103394},"size":17.406665802001954,"orthographic":false}