{"cameraMode":{"drawMode":0,"name":"Shaded","section":"Shading Mode"},"sceneLighting":false,"audioPlay":false,"sceneViewState":{"showFog":true,"showMaterialUpdate":false,"showSkybox":false,"showFlares":true,"showImageEffects":true,"showParticleSystems":true},"in2DMode":false,"pivot":{"x":0.8888485431671143,"y":1.329753041267395,"z":0.33551883697509768},"rotation":{"x":0.2637955844402313,"y":0.3980732560157776,"z":-0.12066064774990082,"w":0.8702863454818726},"size":3.550394058227539,"orthographic":false}